{
    "application": {
        "id": "",
        "title": "maz_renfe.preferencias_internas_candidato.preferencias_internas_candidato",
        "description": "Preferencias Movilidad Organizacion - Candidato Interno",
        "type": "SAP_UI5_Component",
        "componentUrl": "/",
        "appUrl": "#preferencias_internas_candidato-Display",
        "navigationComponentName": "maz_renfe.preferencias_internas_candidato",
        "intentSemanticObject": "preferencias_internas_candidato",
        "intentAction": "Display",
        "html5ApplicationName": "preferenciasinternascandidat",
        "HCPParentApplicationName": ""
    },
    "assignment": {
        "groups": [
            "3f29bb6a-42cd-4832-8e33-2f1b97bfe75e-1647594510430"
        ],
        "contentPackages": [
            "c342da26-7159-4a2c-8881-a7a40627b105"
        ],
        "categories": []
    },
    "tile": {
        "type": "StaticTile",
        "title": "Candidaturas Internas",
        "subtitle": "Preferencias Movilidad Convocatorias Organ.",
        "searchKeywords": "Candidaturas Internas,Preferencias Movilidad Convocatorias Organ.",
        "displayIconUrl": "sap-icon://cargo-train",
        "displayInfoText": "",
        "size": "1x1",
        "serviceURL": "",
        "refreshInterval": ""
    }
}