{
  "welcomeFile": "/webapp/index.html",
  "routes": [
    {
      "path": "/resources",
      "target": {
        "type": "service",
        "name": "sapui5",
        "entryPath": "/resources"
      },
      "description": "SAPUI5 Resources"
    },
    {
      "path": "/test-resources",
      "target": {
        "type": "service",
        "name": "sapui5",
        "entryPath": "/test-resources"
      },
      "description": "SAPUI5 Resources"
    },
    {
      "path": "/webapp/resources",
      "target": {
        "type": "service",
        "name": "sapui5",
        "entryPath": "/resources"
      },
      "description": "SAPUI5 Resources"
    },
    {
      "path": "/webapp/test-resources",
      "target": {
        "type": "service",
        "name": "sapui5",
        "entryPath": "/test-resources"
      },
      "description": "SAPUI5 Test Resources"
    },
    {
      "path": "/odata/v2/",
      "target": {
        "type": "destination",
        "name": "SFAPIS"
      },
      "description": "SuccessFactors APIs para WebIde"
    },
    {
      "path": "/RenfeHanaDestination",
      "target": {
        "type": "destination",
        "name": "RenfeHanaDestination"
      },
      "description": "Renfe Hana Destination"
    }
  ],
  "sendWelcomeFileRedirect": true
}